-- phpMyAdmin SQL Dump
-- version 5.0.2
-- https://www.phpmyadmin.net/
--
-- Servidor: 127.0.0.1
-- Tiempo de generación: 25-11-2020 a las 17:25:49
-- Versión del servidor: 10.4.13-MariaDB
-- Versión de PHP: 7.2.32

SET SQL_MODE = "NO_AUTO_VALUE_ON_ZERO";
START TRANSACTION;
SET time_zone = "+00:00";


/*!40101 SET @OLD_CHARACTER_SET_CLIENT=@@CHARACTER_SET_CLIENT */;
/*!40101 SET @OLD_CHARACTER_SET_RESULTS=@@CHARACTER_SET_RESULTS */;
/*!40101 SET @OLD_COLLATION_CONNECTION=@@COLLATION_CONNECTION */;
/*!40101 SET NAMES utf8mb4 */;

--
-- Base de datos: `proyectos`
--

-- --------------------------------------------------------

--
-- Estructura de tabla para la tabla `administradores`
--

CREATE TABLE `administradores` (
  `id` int(10) UNSIGNED NOT NULL,
  `nombre` varchar(25) COLLATE latin1_spanish_ci NOT NULL,
  `departamento_id` int(10) UNSIGNED NOT NULL
) ENGINE=InnoDB DEFAULT CHARSET=latin1 COLLATE=latin1_spanish_ci;

--
-- Volcado de datos para la tabla `administradores`
--

INSERT INTO `administradores` (`id`, `nombre`, `departamento_id`) VALUES
(1, 'Bilbo Bolson', 1),
(2, 'Gandalf', 2),
(3, 'Saruman', 3),
(4, 'Sam-Sagaz', 4);

-- --------------------------------------------------------

--
-- Estructura de tabla para la tabla `departamentos`
--

CREATE TABLE `departamentos` (
  `id` int(10) UNSIGNED NOT NULL,
  `nombre` varchar(25) COLLATE latin1_spanish_ci NOT NULL
) ENGINE=InnoDB DEFAULT CHARSET=latin1 COLLATE=latin1_spanish_ci;

--
-- Volcado de datos para la tabla `departamentos`
--

INSERT INTO `departamentos` (`id`, `nombre`) VALUES
(1, 'Barbies'),
(2, 'Kents'),
(3, 'Casitas'),
(4, 'GiJoes');

-- --------------------------------------------------------

--
-- Estructura de tabla para la tabla `empleados`
--

CREATE TABLE `empleados` (
  `id` int(11) NOT NULL,
  `nombre` varchar(25) COLLATE latin1_spanish_ci NOT NULL,
  `departamento_id` int(10) NOT NULL
) ENGINE=InnoDB DEFAULT CHARSET=latin1 COLLATE=latin1_spanish_ci;

--
-- Volcado de datos para la tabla `empleados`
--

INSERT INTO `empleados` (`id`, `nombre`, `departamento_id`) VALUES
(1, 'Isabella Seat', 4),
(2, 'Mia Jeep', 3),
(3, 'Aiden Jaguar', 2),
(4, 'Ethan Dodge', 3),
(5, 'Emma Range', 1),
(6, 'Chloe Hyundai', 2),
(7, 'Jayden Jeep', 4),
(8, 'Emily Ferrari', 4),
(9, 'Liam Seat', 4),
(10, 'Mia Renault', 1),
(11, 'Sophia Suzuki', 4),
(12, 'Ava Renault', 2),
(13, 'Isabella Jeep', 4),
(14, 'Ava Seat', 2),
(15, 'Ethan Toyota', 1),
(16, 'Ava Ferrari', 2),
(17, 'Alexander Range', 2),
(18, 'Michael Kia', 3),
(19, 'Ethan Ford', 3),
(20, 'Isabella Kia', 2),
(21, 'Emma BMV', 2),
(22, 'Noah Seat', 4),
(23, 'Jayden Seat', 4),
(24, 'William Suzuki', 1),
(25, 'Emily Suzuki', 2),
(26, 'Jayden Jaguar', 2),
(27, 'Mason Range', 3),
(28, 'Chloe Jaguar', 1),
(29, 'Sophia Range', 2),
(30, 'Ava Range', 4);

-- --------------------------------------------------------

--
-- Estructura de tabla para la tabla `proyectos`
--

CREATE TABLE `proyectos` (
  `id` int(10) UNSIGNED NOT NULL,
  `empleado_id` int(10) UNSIGNED NOT NULL,
  `administrador_id` int(10) UNSIGNED NOT NULL,
  `tarea_id` int(10) UNSIGNED NOT NULL,
  `fecha` date DEFAULT NULL,
  `dedicacion` int(11) NOT NULL
) ENGINE=InnoDB DEFAULT CHARSET=latin1 COLLATE=latin1_spanish_ci;

--
-- Volcado de datos para la tabla `proyectos`
--

INSERT INTO `proyectos` (`id`, `empleado_id`, `administrador_id`, `tarea_id`, `fecha`, `dedicacion`) VALUES
(1, 9, 4, 2, '2013-11-25', 6),
(2, 29, 2, 2, '2013-11-25', 1),
(3, 3, 2, 3, '2013-11-25', 4),
(4, 8, 4, 3, '2013-11-25', 6),
(5, 17, 2, 1, '2013-11-25', 1),
(6, 1, 4, 1, '2013-11-25', 6),
(7, 16, 2, 1, '2013-11-25', 4),
(8, 4, 3, 1, '2013-11-25', 5),
(9, 25, 2, 1, '2013-11-25', 3),
(10, 14, 2, 3, '2013-11-25', 2),
(11, 24, 1, 3, '2013-11-25', 6),
(12, 28, 1, 1, '2013-11-25', 4),
(13, 15, 1, 2, '2013-11-25', 6),
(14, 12, 2, 2, '2013-11-25', 2),
(15, 12, 2, 2, '2013-11-25', 3),
(16, 23, 4, 2, '2013-11-25', 6),
(17, 4, 3, 2, '2013-11-25', 2),
(18, 3, 2, 3, '2013-11-25', 5),
(19, 20, 2, 2, '2013-11-25', 5),
(20, 18, 3, 1, '2013-11-25', 4),
(21, 8, 4, 3, '2013-11-25', 2),
(22, 30, 4, 1, '2013-11-25', 4),
(23, 20, 2, 1, '2013-12-25', 5),
(24, 6, 2, 1, '2013-12-25', 6),
(25, 4, 3, 2, '2013-12-25', 1),
(26, 3, 2, 2, '2013-12-25', 3),
(27, 4, 3, 2, '2013-12-25', 3),
(28, 23, 4, 2, '2013-12-25', 6),
(29, 20, 2, 3, '2013-12-25', 6),
(30, 19, 3, 1, '2013-12-25', 2),
(31, 21, 2, 3, '2013-12-25', 4),
(32, 24, 1, 1, '2013-12-25', 5),
(33, 25, 2, 2, '2013-12-25', 1),
(34, 15, 1, 2, '2013-12-25', 4),
(35, 1, 4, 2, '2013-12-25', 6),
(36, 17, 2, 1, '2013-12-25', 2),
(37, 20, 2, 2, '2013-12-25', 1),
(38, 21, 2, 2, '2013-12-25', 6),
(39, 17, 2, 1, '2013-12-25', 5),
(40, 16, 2, 1, '2013-12-25', 2),
(41, 9, 4, 2, '2013-12-25', 1),
(42, 16, 2, 1, '2013-12-25', 1),
(43, 28, 1, 1, '2013-12-25', 4),
(44, 28, 1, 2, '2013-12-25', 3),
(45, 11, 4, 1, '2013-12-25', 1),
(46, 28, 1, 1, '2013-12-25', 3),
(47, 26, 2, 3, '2013-12-25', 3),
(48, 28, 1, 2, '2013-12-25', 1),
(49, 1, 4, 3, '2013-12-25', 5),
(50, 1, 4, 3, '2013-12-25', 3),
(51, 11, 4, 3, '2013-12-25', 6),
(52, 26, 2, 1, '2013-12-25', 5),
(53, 13, 4, 1, '2013-12-25', 3),
(54, 23, 4, 3, '2013-12-25', 5),
(55, 7, 4, 1, '2013-12-25', 4),
(56, 4, 3, 3, '2013-12-25', 1),
(57, 15, 1, 2, '2013-12-25', 3),
(58, 22, 4, 2, '2013-12-25', 4),
(59, 19, 3, 2, '2013-12-25', 2),
(60, 24, 1, 1, '2013-12-25', 4),
(61, 12, 2, 1, '2013-12-25', 5),
(62, 19, 3, 2, '2013-12-25', 1),
(63, 19, 3, 2, '2013-12-25', 5),
(64, 22, 4, 1, '2013-12-25', 2),
(65, 8, 4, 1, '2013-12-25', 3),
(66, 27, 3, 2, '2013-12-25', 3),
(67, 9, 4, 1, '2013-12-25', 3),
(68, 4, 3, 2, '2013-12-25', 6),
(69, 16, 2, 2, '2013-12-25', 4),
(70, 29, 2, 2, '2013-12-25', 6),
(71, 27, 3, 2, '2013-12-25', 5),
(72, 3, 2, 2, '2013-12-25', 5),
(73, 19, 3, 2, '2013-12-25', 4),
(74, 14, 2, 2, '2013-12-25', 3),
(75, 20, 2, 2, '2013-12-25', 5),
(76, 12, 2, 2, '2013-12-25', 3),
(77, 20, 2, 2, '2013-12-25', 4),
(78, 19, 3, 2, '2013-12-25', 5),
(79, 3, 2, 2, '2013-12-25', 6),
(80, 5, 1, 2, '2013-12-25', 2),
(81, 19, 3, 3, '2013-12-25', 6),
(82, 21, 2, 2, '2013-12-25', 1),
(83, 20, 2, 2, '2013-12-25', 1),
(84, 8, 4, 1, '2013-12-25', 3),
(85, 1, 4, 2, '2013-12-25', 1),
(86, 18, 3, 2, '2013-12-25', 6),
(87, 5, 1, 3, '2013-12-25', 5),
(88, 25, 2, 2, '2013-12-25', 3),
(89, 7, 4, 2, '2013-12-25', 1),
(90, 3, 2, 2, '2013-12-25', 5),
(91, 10, 1, 1, '2013-12-25', 6),
(92, 4, 3, 2, '2013-12-25', 6),
(93, 6, 2, 2, '2013-12-25', 2),
(94, 22, 4, 1, '2013-12-25', 2),
(95, 17, 2, 3, '2013-12-25', 4),
(96, 4, 3, 1, '2013-12-25', 5),
(97, 14, 2, 3, '2013-12-25', 1),
(98, 23, 4, 1, '2013-12-25', 5),
(99, 22, 4, 3, '2013-12-25', 2),
(100, 2, 3, 1, '2014-02-08', 3),
(101, 19, 3, 2, '2014-02-08', 6),
(102, 12, 2, 3, '2014-02-08', 6),
(103, 25, 2, 2, '2014-02-08', 3),
(104, 27, 3, 2, '2014-02-08', 6),
(105, 26, 2, 2, '2014-02-08', 3),
(106, 21, 2, 2, '2014-02-08', 3),
(107, 29, 2, 3, '2014-02-08', 4),
(108, 28, 1, 2, '2014-02-08', 1),
(109, 12, 2, 2, '2014-02-08', 2),
(110, 3, 2, 2, '2014-02-08', 2),
(111, 9, 4, 3, '2014-02-08', 1),
(112, 18, 3, 2, '2014-02-08', 2),
(113, 19, 3, 2, '2014-02-08', 4),
(114, 26, 2, 2, '2014-02-08', 4),
(115, 8, 4, 3, '2014-02-08', 1),
(116, 16, 2, 1, '2014-02-08', 4),
(117, 25, 2, 1, '2014-02-08', 1),
(118, 11, 4, 2, '2014-02-08', 2),
(119, 4, 3, 1, '2014-02-08', 5),
(120, 3, 2, 2, '2014-02-08', 6),
(121, 1, 4, 3, '2014-02-08', 3),
(122, 27, 3, 2, '2014-02-08', 3),
(123, 5, 1, 2, '2014-02-08', 3),
(124, 12, 2, 3, '2014-02-08', 2),
(125, 26, 2, 3, '2014-02-08', 4),
(126, 18, 3, 3, '2014-02-08', 1),
(127, 24, 1, 2, '2014-02-08', 5),
(128, 13, 4, 2, '2014-02-08', 4),
(129, 2, 3, 3, '2014-02-08', 3),
(130, 11, 4, 2, '2014-02-08', 4),
(131, 11, 4, 2, '2014-02-08', 5),
(132, 23, 4, 2, '2014-02-08', 2),
(133, 9, 4, 1, '2014-02-08', 5),
(134, 30, 4, 2, '2014-02-08', 2),
(135, 29, 2, 3, '2014-02-08', 6),
(136, 22, 4, 1, '2014-02-08', 1),
(137, 11, 4, 1, '2014-02-08', 6),
(138, 24, 1, 2, '2014-02-08', 5),
(139, 4, 3, 2, '2014-02-08', 1),
(140, 8, 4, 2, '2014-02-08', 5),
(141, 23, 4, 2, '2014-02-08', 4),
(142, 17, 2, 1, '2014-02-08', 2),
(143, 1, 4, 2, '2014-02-08', 6),
(144, 25, 2, 1, '2014-02-08', 1),
(145, 6, 2, 2, '2014-02-08', 1),
(146, 28, 1, 2, '2014-02-08', 1),
(147, 14, 2, 1, '2014-02-08', 1),
(148, 14, 2, 1, '2014-02-08', 5),
(149, 10, 1, 2, '2014-02-08', 1),
(150, 4, 3, 2, '2014-02-08', 3),
(151, 18, 3, 3, '2014-02-08', 3),
(152, 16, 2, 2, '2014-02-08', 2),
(153, 25, 2, 1, '2014-02-08', 6),
(154, 25, 2, 1, '2014-02-08', 5),
(155, 4, 3, 2, '2014-02-08', 1),
(156, 15, 1, 1, '2014-02-08', 3),
(157, 23, 4, 2, '2014-02-08', 4),
(158, 11, 4, 2, '2014-02-08', 3),
(159, 11, 4, 3, '2014-02-08', 2),
(160, 4, 3, 1, '2014-02-08', 2),
(161, 19, 3, 2, '2014-02-08', 1),
(162, 26, 2, 2, '2014-02-08', 6),
(163, 27, 3, 1, '2014-02-08', 1),
(164, 19, 3, 1, '2014-02-08', 3),
(165, 10, 1, 1, '2014-02-08', 3),
(166, 23, 4, 2, '2014-02-08', 6),
(167, 2, 3, 3, '2014-02-08', 6),
(168, 5, 1, 3, '2014-02-08', 6),
(169, 16, 2, 2, '2014-02-08', 5),
(170, 28, 1, 1, '2014-02-08', 6),
(171, 28, 1, 3, '2014-02-08', 4),
(172, 28, 1, 2, '2014-02-08', 4),
(173, 19, 3, 1, '2014-02-08', 6),
(174, 28, 1, 1, '2014-02-08', 6),
(175, 11, 4, 3, '2014-02-08', 1),
(176, 16, 2, 2, '2014-02-08', 3),
(177, 2, 3, 2, '2014-02-08', 3),
(178, 29, 2, 2, '2014-02-08', 3),
(179, 22, 4, 2, '2014-02-08', 3),
(180, 20, 2, 2, '2014-02-08', 1),
(181, 29, 2, 2, '2014-02-08', 3),
(182, 9, 4, 2, '2014-02-08', 6),
(183, 5, 1, 3, '2014-02-08', 1),
(184, 17, 2, 2, '2014-02-08', 1),
(185, 4, 3, 1, '2014-02-08', 6),
(186, 29, 2, 3, '2014-02-08', 5),
(187, 29, 2, 3, '2014-02-08', 3),
(188, 16, 2, 1, '2014-02-08', 1),
(189, 6, 2, 2, '2014-02-08', 5),
(190, 15, 1, 2, '2014-02-08', 4),
(191, 9, 4, 2, '2014-02-08', 4),
(192, 13, 4, 3, '2014-02-08', 5),
(193, 26, 2, 1, '2014-02-08', 3),
(194, 30, 4, 1, '2014-02-08', 3),
(195, 9, 4, 3, '2014-02-08', 2),
(196, 3, 2, 2, '2014-02-08', 6),
(197, 24, 1, 2, '2014-02-08', 4),
(198, 2, 3, 1, '2014-02-08', 4),
(199, 21, 2, 3, '2014-02-08', 5),
(200, 20, 2, 2, '2014-02-08', 3),
(201, 7, 4, 2, '2014-02-08', 4),
(202, 21, 2, 1, '2014-02-08', 1),
(203, 27, 3, 2, '2014-02-08', 2),
(204, 22, 4, 2, '2014-02-08', 2),
(205, 4, 3, 2, '2014-02-08', 6),
(206, 30, 4, 2, '2014-02-08', 2),
(207, 7, 4, 2, '2014-02-08', 3),
(208, 17, 2, 2, '2014-02-08', 2),
(209, 13, 4, 3, '2014-02-08', 3),
(210, 6, 2, 1, '2014-02-08', 6),
(211, 26, 2, 3, '2014-02-08', 6),
(212, 6, 2, 1, '2014-02-08', 1),
(213, 30, 4, 2, '2014-02-08', 4),
(214, 16, 2, 3, '2014-02-08', 2),
(215, 8, 4, 2, '2014-02-08', 5),
(216, 13, 4, 2, '2014-02-08', 1),
(217, 17, 2, 2, '2014-02-08', 1),
(218, 18, 3, 1, '2014-02-08', 6),
(219, 8, 4, 2, '2014-02-08', 5),
(220, 2, 3, 2, '2014-02-08', 5),
(221, 2, 3, 2, '2014-02-08', 5),
(222, 6, 2, 3, '2014-02-08', 1),
(223, 22, 4, 1, '2014-02-08', 1),
(224, 20, 2, 2, '2014-02-08', 1),
(225, 16, 2, 3, '2014-02-08', 1),
(226, 2, 3, 2, '2014-02-08', 5),
(227, 23, 4, 2, '2014-02-08', 3),
(228, 1, 4, 2, '2014-02-08', 5),
(229, 16, 2, 1, '2014-02-08', 5),
(230, 28, 1, 2, '2014-02-08', 1),
(231, 3, 2, 2, '2014-02-08', 2),
(232, 7, 4, 1, '2014-02-08', 3),
(233, 7, 4, 1, '2014-02-08', 6),
(234, 16, 2, 2, '2014-02-08', 5),
(235, 29, 2, 2, '2014-02-08', 5),
(236, 6, 2, 2, '2014-02-08', 5),
(237, 4, 3, 2, '2014-02-08', 3),
(238, 16, 2, 3, '2014-02-08', 1),
(239, 22, 4, 2, '2014-02-08', 1),
(240, 17, 2, 2, '2014-01-09', 4),
(241, 22, 4, 2, '2014-01-09', 3),
(242, 28, 1, 3, '2014-01-09', 5),
(243, 19, 3, 1, '2014-01-09', 2),
(244, 25, 2, 1, '2014-01-09', 2),
(245, 25, 2, 3, '2014-01-09', 5),
(246, 13, 4, 1, '2014-01-09', 2),
(247, 28, 1, 1, '2014-01-09', 2),
(248, 23, 4, 1, '2014-01-09', 2),
(249, 30, 4, 2, '2014-01-09', 6),
(250, 6, 2, 2, '2014-01-09', 4),
(251, 3, 2, 2, '2014-01-09', 5),
(252, 20, 2, 1, '2014-01-09', 2),
(253, 1, 4, 3, '2014-01-09', 2),
(254, 20, 2, 1, '2014-01-09', 1),
(255, 29, 2, 1, '2014-01-09', 2),
(256, 2, 3, 2, '2014-01-09', 4),
(257, 23, 4, 2, '2014-01-09', 6),
(258, 10, 1, 3, '2014-01-09', 2),
(259, 23, 4, 3, '2014-01-09', 5),
(260, 11, 4, 1, '2014-01-09', 2),
(261, 23, 4, 2, '2014-01-09', 2),
(262, 20, 2, 1, '2014-01-09', 4),
(263, 23, 4, 2, '2014-01-09', 3),
(264, 7, 4, 2, '2014-01-09', 5),
(265, 18, 3, 1, '2014-01-09', 4),
(266, 2, 3, 2, '2014-01-09', 1),
(267, 6, 2, 1, '2014-01-09', 6),
(268, 16, 2, 2, '2014-01-09', 4),
(269, 2, 3, 2, '2014-01-09', 6),
(270, 12, 2, 2, '2014-01-09', 6),
(271, 1, 4, 2, '2014-01-09', 6),
(272, 10, 1, 1, '2014-01-09', 2),
(273, 2, 3, 2, '2014-01-09', 4),
(274, 20, 2, 2, '2014-01-09', 1),
(275, 19, 3, 2, '2014-01-09', 3),
(276, 11, 4, 1, '2014-01-09', 6),
(277, 13, 4, 3, '2014-01-09', 4),
(278, 1, 4, 3, '2014-01-09', 1),
(279, 17, 2, 2, '2014-01-09', 6),
(280, 28, 1, 3, '2014-01-09', 6),
(281, 5, 1, 2, '2014-01-09', 3),
(282, 2, 3, 1, '2014-01-09', 2),
(283, 17, 2, 3, '2014-01-09', 1),
(284, 27, 3, 1, '2014-01-09', 5),
(285, 25, 2, 2, '2014-01-09', 2),
(286, 1, 4, 1, '2014-01-09', 1),
(287, 23, 4, 2, '2014-01-09', 2),
(288, 10, 1, 2, '2014-01-09', 5),
(289, 12, 2, 3, '2014-01-09', 5),
(290, 5, 1, 2, '2014-01-09', 6),
(291, 22, 4, 2, '2014-01-09', 2),
(292, 27, 3, 3, '2014-01-09', 6),
(293, 7, 4, 2, '2014-01-09', 6),
(294, 23, 4, 1, '2014-01-09', 5),
(295, 14, 2, 2, '2014-01-09', 6),
(296, 9, 4, 2, '2014-01-09', 2),
(297, 12, 2, 2, '2014-01-09', 3),
(298, 25, 2, 2, '2014-01-09', 1),
(299, 24, 1, 1, '2014-01-09', 2),
(300, 6, 2, 2, '2014-01-09', 2),
(301, 30, 4, 1, '2014-01-09', 1),
(302, 1, 4, 2, '2014-01-09', 6),
(303, 5, 1, 2, '2014-01-09', 3),
(304, 18, 3, 1, '2014-01-09', 2),
(305, 27, 3, 1, '2014-01-09', 4),
(306, 22, 4, 2, '2014-01-09', 6),
(307, 28, 1, 3, '2014-01-09', 3),
(308, 6, 2, 1, '2014-01-09', 6),
(309, 15, 1, 2, '2014-01-09', 3),
(310, 5, 1, 1, '2014-01-09', 4),
(311, 25, 2, 3, '2014-01-09', 2),
(312, 19, 3, 1, '2014-01-09', 5),
(313, 25, 2, 1, '2014-01-09', 3),
(314, 27, 3, 1, '2014-01-09', 5),
(315, 1, 4, 2, '2014-01-09', 6),
(316, 3, 2, 1, '2014-01-09', 5),
(317, 22, 4, 2, '2014-01-09', 2),
(318, 30, 4, 3, '2014-01-09', 3),
(319, 28, 1, 2, '2014-01-09', 6),
(320, 23, 4, 3, '2014-01-09', 5),
(321, 25, 2, 2, '2014-01-09', 5),
(322, 26, 2, 2, '2014-01-09', 2),
(323, 8, 4, 2, '2014-01-09', 4),
(324, 28, 1, 3, '2014-01-09', 3),
(325, 23, 4, 3, '2014-01-09', 5),
(326, 9, 4, 2, '2014-01-09', 2),
(327, 12, 2, 2, '2014-01-09', 4),
(328, 6, 2, 2, '2014-01-09', 5),
(329, 15, 1, 1, '2014-01-09', 4),
(330, 7, 4, 1, '2014-01-09', 5),
(331, 30, 4, 2, '2014-01-09', 4),
(332, 23, 4, 3, '2014-01-09', 1),
(333, 19, 3, 1, '2014-01-09', 1),
(334, 27, 3, 2, '2014-01-09', 5),
(335, 8, 4, 1, '2014-01-09', 5),
(336, 27, 3, 2, '2014-01-09', 3),
(337, 20, 2, 2, '2014-01-09', 4),
(338, 29, 2, 3, '2014-01-09', 3),
(339, 10, 1, 3, '2014-01-09', 3),
(340, 28, 1, 2, '2014-01-09', 5),
(341, 2, 3, 2, '2014-01-09', 4),
(342, 24, 1, 2, '2014-01-09', 4),
(343, 16, 2, 2, '2014-01-09', 5),
(344, 22, 4, 2, '2014-01-09', 6),
(345, 28, 1, 2, '2014-01-09', 6),
(346, 16, 2, 2, '2014-01-09', 3),
(347, 8, 4, 2, '2014-01-09', 4),
(348, 12, 2, 2, '2014-01-09', 4),
(349, 4, 3, 2, '2014-01-09', 2),
(350, 22, 4, 3, '2014-01-09', 1),
(351, 23, 4, 3, '2014-01-09', 6),
(352, 4, 3, 2, '2014-01-09', 1),
(353, 23, 4, 2, '2014-01-09', 3),
(354, 11, 4, 2, '2014-01-09', 3),
(355, 7, 4, 3, '2014-01-09', 2),
(356, 2, 3, 2, '2014-01-09', 5),
(357, 28, 1, 2, '2014-01-09', 5),
(358, 27, 3, 2, '2014-03-10', 6),
(359, 13, 4, 2, '2014-03-10', 6),
(360, 30, 4, 2, '2014-03-10', 4),
(361, 13, 4, 1, '2014-03-10', 5),
(362, 2, 3, 2, '2014-03-10', 1),
(363, 21, 2, 2, '2014-03-10', 1),
(364, 23, 4, 1, '2014-03-10', 4),
(365, 4, 3, 2, '2014-03-10', 4),
(366, 25, 2, 3, '2014-03-10', 1),
(367, 22, 4, 2, '2014-03-10', 2),
(368, 14, 2, 2, '2014-03-10', 4),
(369, 24, 1, 2, '2014-03-10', 3),
(370, 13, 4, 3, '2014-03-10', 1),
(371, 12, 2, 2, '2014-03-10', 6),
(372, 29, 2, 2, '2014-03-10', 5),
(373, 6, 2, 1, '2014-03-10', 4),
(374, 16, 2, 1, '2014-03-10', 6),
(375, 16, 2, 1, '2014-03-10', 2),
(376, 30, 4, 2, '2014-03-10', 6),
(377, 21, 2, 1, '2014-03-10', 5),
(378, 1, 4, 1, '2014-03-10', 6),
(379, 2, 3, 2, '2014-03-10', 2),
(380, 10, 1, 2, '2014-03-10', 6),
(381, 3, 2, 2, '2014-03-10', 5),
(382, 3, 2, 1, '2014-03-10', 5),
(383, 20, 2, 2, '2014-03-10', 2),
(384, 4, 3, 1, '2014-03-10', 3),
(385, 23, 4, 3, '2014-03-10', 6),
(386, 16, 2, 2, '2014-03-10', 6),
(387, 16, 2, 1, '2014-03-10', 4),
(388, 10, 1, 2, '2014-03-10', 2),
(389, 27, 3, 2, '2014-03-10', 4),
(390, 9, 4, 1, '2014-03-10', 3),
(391, 15, 1, 2, '2014-03-10', 5),
(392, 1, 4, 1, '2014-03-10', 3),
(393, 30, 4, 3, '2014-03-10', 2),
(394, 4, 3, 3, '2014-03-10', 1),
(395, 23, 4, 2, '2014-03-10', 3),
(396, 17, 2, 2, '2014-03-10', 4),
(397, 28, 1, 3, '2014-03-10', 6),
(398, 25, 2, 1, '2014-03-10', 3),
(399, 23, 4, 1, '2014-03-10', 1),
(400, 29, 2, 2, '2014-03-10', 2),
(401, 1, 4, 3, '2014-03-10', 3),
(402, 28, 1, 2, '2014-03-10', 5),
(403, 18, 3, 2, '2014-03-10', 6),
(404, 12, 2, 1, '2014-03-10', 4),
(405, 17, 2, 1, '2014-03-10', 2),
(406, 7, 4, 1, '2014-03-10', 2),
(407, 26, 2, 2, '2014-03-10', 3),
(408, 4, 3, 1, '2014-03-10', 3),
(409, 14, 2, 1, '2014-03-10', 3),
(410, 25, 2, 1, '2014-03-10', 1),
(411, 1, 4, 2, '2014-03-10', 3),
(412, 26, 2, 1, '2014-03-10', 2),
(413, 20, 2, 2, '2014-03-10', 5),
(414, 17, 2, 1, '2014-03-10', 6),
(415, 4, 3, 2, '2014-03-10', 6),
(416, 11, 4, 1, '2014-03-10', 5),
(417, 27, 3, 3, '2014-03-10', 5),
(418, 17, 2, 2, '2014-03-10', 1),
(419, 1, 4, 1, '2014-03-10', 4),
(420, 4, 3, 3, '2014-03-10', 6),
(421, 11, 4, 1, '2014-03-10', 3),
(422, 18, 3, 1, '2014-03-10', 4),
(423, 15, 1, 2, '2014-03-10', 5),
(424, 5, 1, 2, '2014-03-10', 4),
(425, 4, 3, 2, '2014-03-10', 1),
(426, 28, 1, 3, '2014-03-10', 1),
(427, 1, 4, 1, '2014-03-10', 5),
(428, 27, 3, 1, '2014-03-10', 5),
(429, 1, 4, 2, '2014-03-10', 5),
(430, 30, 4, 2, '2014-03-10', 5),
(431, 24, 1, 2, '2014-03-10', 3),
(432, 5, 1, 2, '2014-03-10', 1),
(433, 22, 4, 2, '2014-03-10', 6),
(434, 16, 2, 3, '2014-03-10', 1),
(435, 24, 1, 2, '2014-03-10', 3),
(436, 22, 4, 1, '2014-03-10', 4),
(437, 8, 4, 1, '2014-03-10', 6),
(438, 4, 3, 3, '2014-03-10', 3),
(439, 20, 2, 2, '2014-03-10', 3),
(440, 26, 2, 1, '2014-03-10', 2),
(441, 30, 4, 2, '2013-12-10', 6),
(442, 7, 4, 2, '2013-12-10', 4),
(443, 1, 4, 2, '2013-12-10', 3),
(444, 11, 4, 1, '2013-12-10', 5),
(445, 9, 4, 3, '2013-12-10', 2),
(446, 7, 4, 2, '2013-12-10', 3),
(447, 7, 4, 2, '2013-12-10', 5),
(448, 20, 2, 1, '2013-12-10', 2),
(449, 22, 4, 2, '2013-12-10', 2),
(450, 3, 2, 3, '2013-12-10', 6),
(451, 22, 4, 1, '2013-12-10', 1),
(452, 6, 2, 1, '2013-12-10', 6),
(453, 19, 3, 2, '2013-12-10', 1),
(454, 17, 2, 2, '2013-12-10', 1),
(455, 16, 2, 1, '2013-12-10', 6),
(456, 9, 4, 2, '2013-12-10', 1),
(457, 23, 4, 3, '2013-12-10', 4),
(458, 5, 1, 2, '2013-12-10', 1),
(459, 26, 2, 2, '2013-12-10', 5),
(460, 21, 2, 2, '2013-12-10', 6),
(461, 4, 3, 2, '2013-12-10', 2),
(462, 2, 3, 1, '2013-12-10', 6),
(463, 27, 3, 1, '2013-12-10', 5),
(464, 12, 2, 2, '2013-12-10', 3),
(465, 21, 2, 1, '2013-12-10', 5),
(466, 15, 1, 3, '2013-12-10', 1),
(467, 2, 3, 2, '2013-12-10', 3),
(468, 8, 4, 1, '2013-12-10', 6),
(469, 20, 2, 3, '2013-12-10', 1),
(470, 27, 3, 2, '2013-12-10', 1),
(471, 30, 4, 1, '2013-12-10', 4),
(472, 2, 3, 2, '2013-12-10', 6),
(473, 1, 4, 1, '2013-12-10', 6),
(474, 5, 1, 2, '2013-12-10', 6),
(475, 29, 2, 1, '2013-12-10', 1),
(476, 28, 1, 2, '2013-12-10', 1),
(477, 5, 1, 2, '2013-12-10', 4),
(478, 27, 3, 2, '2013-12-10', 3),
(479, 21, 2, 2, '2013-12-10', 5),
(480, 22, 4, 2, '2013-12-10', 4),
(481, 28, 1, 1, '2013-12-10', 5),
(482, 28, 1, 2, '2013-12-10', 6),
(483, 15, 1, 1, '2013-12-10', 3),
(484, 14, 2, 2, '2013-12-10', 1),
(485, 11, 4, 3, '2013-12-10', 5),
(486, 6, 2, 1, '2013-12-10', 4),
(487, 16, 2, 3, '2013-12-10', 6),
(488, 26, 2, 2, '2013-12-10', 2),
(489, 9, 4, 3, '2013-12-10', 4),
(490, 17, 2, 2, '2013-12-10', 3),
(491, 14, 2, 3, '2013-12-10', 2),
(492, 13, 4, 2, '2013-12-10', 5),
(493, 26, 2, 2, '2013-12-10', 2),
(494, 1, 4, 2, '2013-12-10', 6),
(495, 4, 3, 2, '2013-12-10', 6),
(496, 7, 4, 2, '2013-12-10', 6),
(497, 2, 3, 1, '2013-12-10', 6),
(498, 7, 4, 2, '2013-12-10', 1),
(499, 10, 1, 3, '2013-12-10', 3),
(500, 27, 3, 2, '2013-12-10', 4),
(501, 27, 3, 2, '2013-12-10', 2),
(502, 24, 1, 2, '2013-12-10', 5),
(503, 7, 4, 2, '2013-12-10', 3),
(504, 5, 1, 2, '2013-12-10', 5),
(505, 29, 2, 2, '2013-12-10', 2),
(506, 13, 4, 3, '2013-12-10', 3),
(507, 30, 4, 1, '2013-12-10', 5),
(508, 29, 2, 2, '2013-12-10', 2),
(509, 4, 3, 3, '2013-12-10', 1),
(510, 8, 4, 1, '2013-12-10', 5),
(511, 11, 4, 2, '2013-12-10', 5),
(512, 5, 1, 1, '2013-12-10', 1),
(513, 25, 2, 3, '2013-12-10', 2),
(514, 29, 2, 1, '2013-12-10', 6),
(515, 9, 4, 2, '2013-12-10', 5),
(516, 12, 2, 2, '2013-12-10', 6),
(517, 27, 3, 2, '2013-12-10', 5),
(518, 17, 2, 2, '2014-02-23', 4),
(519, 23, 4, 2, '2014-02-23', 2),
(520, 27, 3, 3, '2014-02-23', 3),
(521, 3, 2, 1, '2014-02-23', 1),
(522, 20, 2, 2, '2014-02-23', 2),
(523, 25, 2, 3, '2014-02-23', 2),
(524, 22, 4, 2, '2014-02-23', 5),
(525, 29, 2, 3, '2014-02-23', 5),
(526, 5, 1, 1, '2014-02-23', 6),
(527, 7, 4, 2, '2014-02-23', 2),
(528, 26, 2, 2, '2014-02-23', 6),
(529, 25, 2, 2, '2014-02-23', 3),
(530, 9, 4, 2, '2014-02-23', 3),
(531, 8, 4, 2, '2014-02-23', 3),
(532, 28, 1, 2, '2014-02-23', 5),
(533, 7, 4, 3, '2014-02-23', 2),
(534, 24, 1, 1, '2014-02-23', 4),
(535, 26, 2, 2, '2014-02-23', 5),
(536, 19, 3, 2, '2014-02-23', 6),
(537, 10, 1, 3, '2014-02-23', 5),
(538, 24, 1, 1, '2014-02-23', 3),
(539, 2, 3, 3, '2014-02-23', 3),
(540, 25, 2, 1, '2014-02-23', 3),
(541, 22, 4, 2, '2014-02-23', 1),
(542, 21, 2, 2, '2014-02-23', 1),
(543, 30, 4, 2, '2014-02-23', 6),
(544, 16, 2, 1, '2014-02-23', 6),
(545, 12, 2, 1, '2014-02-23', 4),
(546, 3, 2, 2, '2014-02-23', 2),
(547, 24, 1, 3, '2014-02-23', 5),
(548, 7, 4, 3, '2014-02-23', 5),
(549, 29, 2, 3, '2014-02-23', 6),
(550, 26, 2, 1, '2014-02-23', 3),
(551, 1, 4, 2, '2014-02-23', 5),
(552, 5, 1, 2, '2014-02-23', 2),
(553, 5, 1, 2, '2014-02-23', 2),
(554, 29, 2, 3, '2014-02-23', 4),
(555, 25, 2, 1, '2014-02-23', 5),
(556, 14, 2, 2, '2014-02-23', 5),
(557, 23, 4, 2, '2014-02-23', 4),
(558, 29, 2, 2, '2014-02-23', 5),
(559, 4, 3, 2, '2014-02-23', 2),
(560, 10, 1, 2, '2014-02-23', 2),
(561, 25, 2, 2, '2014-02-23', 6),
(562, 30, 4, 3, '2014-02-23', 1),
(563, 12, 2, 1, '2014-02-23', 3),
(564, 12, 2, 3, '2014-02-23', 1),
(565, 16, 2, 2, '2014-02-23', 5),
(566, 3, 2, 2, '2014-02-23', 2),
(567, 24, 1, 2, '2014-02-23', 6),
(568, 15, 1, 2, '2014-02-23', 6),
(569, 9, 4, 2, '2014-02-23', 5),
(570, 18, 3, 1, '2014-02-23', 2),
(571, 4, 3, 2, '2014-02-23', 5),
(572, 23, 4, 2, '2014-02-23', 2),
(573, 14, 2, 2, '2014-02-23', 3),
(574, 10, 1, 1, '2014-02-23', 4),
(575, 16, 2, 2, '2014-02-23', 3),
(576, 3, 2, 3, '2014-02-23', 2),
(577, 27, 3, 2, '2014-02-23', 3),
(578, 4, 3, 2, '2014-02-23', 5),
(579, 27, 3, 1, '2014-02-23', 5),
(580, 2, 3, 1, '2014-02-23', 3),
(581, 14, 2, 3, '2014-02-23', 2),
(582, 1, 4, 1, '2014-02-23', 4),
(583, 21, 2, 3, '2014-02-23', 2),
(584, 13, 4, 2, '2014-02-23', 6),
(585, 17, 2, 1, '2014-02-23', 6),
(586, 2, 3, 2, '2014-02-23', 4),
(587, 1, 4, 1, '2014-02-23', 6),
(588, 26, 2, 3, '2014-02-23', 6),
(589, 16, 2, 2, '2014-02-23', 4),
(590, 18, 3, 1, '2014-02-23', 6),
(591, 25, 2, 1, '2014-02-23', 4),
(592, 17, 2, 2, '2014-02-23', 3),
(593, 29, 2, 2, '2014-02-23', 3),
(594, 26, 2, 2, '2014-02-23', 4),
(595, 9, 4, 2, '2014-02-23', 5),
(596, 10, 1, 2, '2014-02-23', 6),
(597, 30, 4, 3, '2014-02-23', 6),
(598, 9, 4, 2, '2014-02-23', 6),
(599, 2, 3, 1, '2014-02-23', 3),
(600, 13, 4, 2, '2014-02-23', 6),
(601, 27, 3, 1, '2014-02-23', 3),
(602, 22, 4, 1, '2014-02-23', 1),
(603, 12, 2, 2, '2014-02-23', 6),
(604, 23, 4, 2, '2014-02-23', 2),
(605, 3, 2, 3, '2014-02-23', 5),
(606, 25, 2, 2, '2014-02-23', 4),
(607, 3, 2, 2, '2014-02-23', 5),
(608, 13, 4, 2, '2014-02-23', 5),
(609, 9, 4, 2, '2014-02-23', 1),
(610, 30, 4, 1, '2014-02-23', 4),
(611, 28, 1, 1, '2014-02-23', 2),
(612, 11, 4, 2, '2014-02-23', 4),
(613, 21, 2, 2, '2014-02-23', 4),
(614, 22, 4, 2, '2014-02-23', 6),
(615, 17, 2, 1, '2014-02-23', 1),
(616, 25, 2, 3, '2014-02-23', 5),
(617, 28, 1, 3, '2014-02-23', 1),
(618, 28, 1, 2, '2014-02-23', 4),
(619, 19, 3, 3, '2014-02-23', 1),
(620, 1, 4, 1, '2014-02-23', 6),
(621, 22, 4, 2, '2014-02-23', 4),
(622, 6, 2, 3, '2014-02-23', 1),
(623, 13, 4, 3, '2014-02-23', 3),
(624, 21, 2, 2, '2014-02-23', 3),
(625, 3, 2, 3, '2014-02-23', 6),
(626, 14, 2, 1, '2014-02-23', 5),
(627, 21, 2, 1, '2014-02-23', 3),
(628, 1, 4, 2, '2014-02-23', 1),
(629, 8, 4, 1, '2014-02-23', 2),
(630, 12, 2, 2, '2014-02-23', 1),
(631, 30, 4, 2, '2014-02-23', 5),
(632, 15, 1, 2, '2014-02-23', 2),
(633, 17, 2, 1, '2014-02-23', 3),
(634, 13, 4, 1, '2014-02-23', 6),
(635, 1, 4, 2, '2014-02-23', 6),
(636, 1, 4, 2, '2014-02-23', 2),
(637, 27, 3, 3, '2014-02-23', 6),
(638, 5, 1, 2, '2014-01-24', 5),
(639, 17, 2, 2, '2014-01-24', 1),
(640, 22, 4, 1, '2014-01-24', 1),
(641, 25, 2, 3, '2014-01-24', 1),
(642, 29, 2, 2, '2014-01-24', 1),
(643, 30, 4, 3, '2014-01-24', 4),
(644, 8, 4, 2, '2014-01-24', 2),
(645, 16, 2, 2, '2014-01-24', 1),
(646, 27, 3, 2, '2014-01-24', 6),
(647, 10, 1, 1, '2014-01-24', 3),
(648, 15, 1, 3, '2014-01-24', 4),
(649, 14, 2, 1, '2014-01-24', 5),
(650, 27, 3, 1, '2014-01-24', 2),
(651, 2, 3, 1, '2014-01-24', 1),
(652, 19, 3, 1, '2014-01-24', 3),
(653, 1, 4, 3, '2014-01-24', 4),
(654, 22, 4, 2, '2014-01-24', 3),
(655, 26, 2, 2, '2014-01-24', 4),
(656, 9, 4, 2, '2014-01-24', 1),
(657, 27, 3, 2, '2014-01-24', 6),
(658, 26, 2, 2, '2014-01-24', 6),
(659, 27, 3, 1, '2014-01-24', 2),
(660, 6, 2, 2, '2014-01-24', 1),
(661, 23, 4, 2, '2014-01-24', 2),
(662, 17, 2, 2, '2014-01-24', 3),
(663, 9, 4, 1, '2014-01-24', 5),
(664, 14, 2, 2, '2014-01-24', 3),
(665, 19, 3, 2, '2014-01-24', 1),
(666, 27, 3, 2, '2014-01-24', 6),
(667, 8, 4, 2, '2014-01-24', 1),
(668, 2, 3, 1, '2014-01-24', 6),
(669, 9, 4, 3, '2014-01-24', 3),
(670, 3, 2, 2, '2014-01-24', 1),
(671, 29, 2, 1, '2014-01-24', 1),
(672, 26, 2, 3, '2014-01-24', 6),
(673, 18, 3, 2, '2014-01-24', 6),
(674, 26, 2, 2, '2014-01-24', 5),
(675, 19, 3, 3, '2014-01-24', 4),
(676, 22, 4, 3, '2014-01-24', 4),
(677, 15, 1, 2, '2014-01-24', 4),
(678, 29, 2, 2, '2014-01-24', 4),
(679, 17, 2, 1, '2014-01-24', 1),
(680, 24, 1, 2, '2014-01-24', 4),
(681, 22, 4, 1, '2014-01-24', 4),
(682, 10, 1, 3, '2014-01-24', 1),
(683, 21, 2, 2, '2014-01-24', 6),
(684, 5, 1, 2, '2014-01-24', 5),
(685, 1, 4, 3, '2014-01-24', 5),
(686, 6, 2, 1, '2014-01-24', 5),
(687, 30, 4, 3, '2014-01-24', 2),
(688, 5, 1, 2, '2014-01-24', 3),
(689, 25, 2, 1, '2014-01-24', 3),
(690, 18, 3, 2, '2014-01-24', 2),
(691, 21, 2, 2, '2014-01-24', 1),
(692, 12, 2, 2, '2014-01-24', 6),
(693, 1, 4, 1, '2014-01-24', 2),
(694, 25, 2, 2, '2014-01-24', 1),
(695, 8, 4, 1, '2014-01-24', 4),
(696, 2, 3, 2, '2014-01-24', 3),
(697, 16, 2, 1, '2014-01-24', 3),
(698, 6, 2, 1, '2014-01-24', 6),
(699, 11, 4, 2, '2014-01-24', 3),
(700, 21, 2, 2, '2014-01-24', 2),
(701, 12, 2, 2, '2014-01-24', 5),
(702, 19, 3, 3, '2014-01-24', 3),
(703, 27, 3, 1, '2014-01-24', 5),
(704, 30, 4, 3, '2014-01-24', 3),
(705, 19, 3, 2, '2014-01-24', 3),
(706, 4, 3, 1, '2014-01-24', 6),
(707, 21, 2, 2, '2014-01-24', 4),
(708, 25, 2, 2, '2014-01-24', 3),
(709, 20, 2, 2, '2014-01-24', 5),
(710, 12, 2, 1, '2014-01-24', 5),
(711, 24, 1, 3, '2014-01-24', 5),
(712, 22, 4, 2, '2014-01-24', 6),
(713, 4, 3, 2, '2014-01-24', 3),
(714, 10, 1, 1, '2014-01-24', 4),
(715, 25, 2, 1, '2014-01-24', 4),
(716, 20, 2, 3, '2014-01-24', 5),
(717, 28, 1, 1, '2014-01-24', 5),
(718, 4, 3, 2, '2014-01-24', 3),
(719, 19, 3, 1, '2014-01-24', 2),
(720, 26, 2, 1, '2014-01-24', 5),
(721, 7, 4, 1, '2014-01-24', 6),
(722, 19, 3, 3, '2014-01-24', 5),
(723, 16, 2, 1, '2014-01-24', 3),
(724, 12, 2, 2, '2014-01-24', 1),
(725, 12, 2, 2, '2014-01-24', 6),
(726, 2, 3, 2, '2014-01-24', 5),
(727, 18, 3, 1, '2014-01-24', 6),
(728, 27, 3, 2, '2014-01-24', 4),
(729, 3, 2, 1, '2014-01-24', 6),
(730, 27, 3, 1, '2014-01-24', 5),
(731, 8, 4, 1, '2014-01-24', 3),
(732, 20, 2, 3, '2014-01-24', 3),
(733, 21, 2, 3, '2014-01-24', 4),
(734, 23, 4, 2, '2013-11-25', 3),
(735, 29, 2, 2, '2013-11-25', 3),
(736, 14, 2, 3, '2013-11-25', 3),
(737, 9, 4, 1, '2013-11-25', 5),
(738, 24, 1, 2, '2013-11-25', 2),
(739, 29, 2, 2, '2013-11-25', 2),
(740, 14, 2, 2, '2013-11-25', 3),
(741, 14, 2, 2, '2013-11-25', 3),
(742, 7, 4, 2, '2013-11-25', 6),
(743, 9, 4, 1, '2013-11-25', 1),
(744, 22, 4, 1, '2013-11-25', 1),
(745, 23, 4, 2, '2013-11-25', 6),
(746, 28, 1, 1, '2013-11-25', 4),
(747, 25, 2, 2, '2013-11-25', 6),
(748, 24, 1, 1, '2013-11-25', 1),
(749, 15, 1, 2, '2013-11-25', 5),
(750, 27, 3, 2, '2013-11-25', 4),
(751, 22, 4, 2, '2013-11-25', 4),
(752, 10, 1, 1, '2013-11-25', 2),
(753, 26, 2, 3, '2013-11-25', 5),
(754, 4, 3, 2, '2013-11-25', 4),
(755, 13, 4, 2, '2013-11-25', 4),
(756, 13, 4, 3, '2013-11-25', 4),
(757, 3, 2, 1, '2013-11-25', 4),
(758, 27, 3, 2, '2013-11-25', 5),
(759, 13, 4, 1, '2013-11-25', 3),
(760, 24, 1, 3, '2013-11-25', 5),
(761, 14, 2, 2, '2013-11-25', 2),
(762, 1, 4, 2, '2013-11-25', 3),
(763, 27, 3, 2, '2013-11-25', 5),
(764, 23, 4, 2, '2013-11-25', 1),
(765, 5, 1, 1, '2013-11-25', 1),
(766, 29, 2, 1, '2013-11-25', 6),
(767, 25, 2, 3, '2013-11-25', 1),
(768, 2, 3, 1, '2013-11-25', 1),
(769, 16, 2, 2, '2013-11-25', 4),
(770, 30, 4, 2, '2013-11-25', 5),
(771, 8, 4, 2, '2013-11-25', 3),
(772, 11, 4, 2, '2013-11-25', 4),
(773, 1, 4, 3, '2013-11-25', 4),
(774, 10, 1, 2, '2013-11-25', 2),
(775, 24, 1, 2, '2013-11-25', 4),
(776, 18, 3, 1, '2013-11-25', 5),
(777, 3, 2, 1, '2013-11-25', 3),
(778, 30, 4, 2, '2013-11-25', 3),
(779, 23, 4, 2, '2013-11-25', 2),
(780, 2, 3, 1, '2013-11-25', 2),
(781, 12, 2, 2, '2013-11-25', 2),
(782, 16, 2, 1, '2013-11-25', 3),
(783, 27, 3, 1, '2013-11-25', 6),
(784, 15, 1, 2, '2013-11-25', 3),
(785, 1, 4, 2, '2013-11-25', 1),
(786, 26, 2, 2, '2013-11-25', 2),
(787, 16, 2, 2, '2013-11-25', 2),
(788, 9, 4, 2, '2013-11-25', 4),
(789, 28, 1, 2, '2013-11-25', 4),
(790, 18, 3, 2, '2013-11-25', 5),
(791, 28, 1, 3, '2013-11-25', 3),
(792, 16, 2, 1, '2013-11-25', 2),
(793, 8, 4, 1, '2013-12-25', 6),
(794, 8, 4, 2, '2013-12-25', 1),
(795, 10, 1, 2, '2013-12-25', 4),
(796, 30, 4, 1, '2013-12-25', 6),
(797, 30, 4, 2, '2013-12-25', 6),
(798, 29, 2, 2, '2013-12-25', 2),
(799, 27, 3, 2, '2013-12-25', 6),
(800, 18, 3, 2, '2013-12-25', 6),
(801, 27, 3, 1, '2013-12-25', 2),
(802, 9, 4, 2, '2013-12-25', 2),
(803, 28, 1, 1, '2013-12-25', 4),
(804, 8, 4, 2, '2013-12-25', 3),
(805, 22, 4, 2, '2013-12-25', 3),
(806, 25, 2, 3, '2013-12-25', 3),
(807, 14, 2, 2, '2013-12-25', 3),
(808, 22, 4, 2, '2013-12-25', 1),
(809, 25, 2, 1, '2013-12-25', 6),
(810, 9, 4, 3, '2013-12-25', 3),
(811, 1, 4, 3, '2013-12-25', 4),
(812, 27, 3, 2, '2013-12-25', 3),
(813, 2, 3, 3, '2013-12-25', 2);

-- --------------------------------------------------------

--
-- Estructura de tabla para la tabla `tareas`
--

CREATE TABLE `tareas` (
  `id` int(10) UNSIGNED NOT NULL,
  `nombre` varchar(25) COLLATE latin1_spanish_ci NOT NULL
) ENGINE=InnoDB DEFAULT CHARSET=latin1 COLLATE=latin1_spanish_ci;

--
-- Volcado de datos para la tabla `tareas`
--

INSERT INTO `tareas` (`id`, `nombre`) VALUES
(1, 'Servicio'),
(2, 'Proyecto'),
(3, 'Otro');

--
-- Índices para tablas volcadas
--

--
-- Indices de la tabla `administradores`
--
ALTER TABLE `administradores`
  ADD PRIMARY KEY (`id`),
  ADD KEY `index_departamento` (`departamento_id`);

--
-- Indices de la tabla `departamentos`
--
ALTER TABLE `departamentos`
  ADD PRIMARY KEY (`id`);

--
-- Indices de la tabla `empleados`
--
ALTER TABLE `empleados`
  ADD PRIMARY KEY (`id`),
  ADD KEY `departamento_index` (`departamento_id`);

--
-- Indices de la tabla `proyectos`
--
ALTER TABLE `proyectos`
  ADD PRIMARY KEY (`id`),
  ADD KEY `empleado_index` (`empleado_id`),
  ADD KEY `administrador_index` (`administrador_id`),
  ADD KEY `tarea_index` (`tarea_id`);

--
-- Indices de la tabla `tareas`
--
ALTER TABLE `tareas`
  ADD PRIMARY KEY (`id`);

--
-- AUTO_INCREMENT de las tablas volcadas
--

--
-- AUTO_INCREMENT de la tabla `administradores`
--
ALTER TABLE `administradores`
  MODIFY `id` int(10) UNSIGNED NOT NULL AUTO_INCREMENT, AUTO_INCREMENT=5;

--
-- AUTO_INCREMENT de la tabla `departamentos`
--
ALTER TABLE `departamentos`
  MODIFY `id` int(10) UNSIGNED NOT NULL AUTO_INCREMENT, AUTO_INCREMENT=5;

--
-- AUTO_INCREMENT de la tabla `empleados`
--
ALTER TABLE `empleados`
  MODIFY `id` int(11) NOT NULL AUTO_INCREMENT, AUTO_INCREMENT=31;

--
-- AUTO_INCREMENT de la tabla `proyectos`
--
ALTER TABLE `proyectos`
  MODIFY `id` int(10) UNSIGNED NOT NULL AUTO_INCREMENT, AUTO_INCREMENT=814;

--
-- AUTO_INCREMENT de la tabla `tareas`
--
ALTER TABLE `tareas`
  MODIFY `id` int(10) UNSIGNED NOT NULL AUTO_INCREMENT, AUTO_INCREMENT=4;
COMMIT;

/*!40101 SET CHARACTER_SET_CLIENT=@OLD_CHARACTER_SET_CLIENT */;
/*!40101 SET CHARACTER_SET_RESULTS=@OLD_CHARACTER_SET_RESULTS */;
/*!40101 SET COLLATION_CONNECTION=@OLD_COLLATION_CONNECTION */;
